text,normalized_text,intent,drug_entities,generic_name
ليفوثيروكسين يتاخد على الريق صباحًا؟,ينبغي تناول ليفوثيروكسين على معدة فارغة في الصباح,administration,ليفوثيروكسين,Levothyroxine
ينفع آخد ليفوثيروكسين قبل الفطار؟,هل يمكن تناول ليفوثيروكسين قبل الإفطار,administration,ليفوثيروكسين,Levothyroxine
أملوديبين بيسبب صداع في أول استخدام؟,هل يسبب أملوديبين الصداع عند بدء العلاج,side_effects,أملوديبين,Amlodipine
نورفاسك بيسبب تورم في الرجلين؟,هل يسبب نورفاسك تورم في القدمين,side_effects,نورفاسك,Amlodipine
جليمبرايد بيسبب جوع شديد للمرضى؟,هل يسبب جليمبيريد زيادة شديدة في الشعور بالجوع,side_effects,جليمبرايد,Glimepiride
ديابيتون بيخفض السكر زيادة عن اللزوم؟,هل يسبب ديابيتون هبوط حاد في مستوى السكر بالدم,side_effects,ديابيتون,Gliclazide
بانادول ينفع لوجع الضرس وقت الحمل؟,هل يمكن استخدام باراسيتامول لألم الأسنان أثناء الحمل,general_info,بانادول,Paracetamol
كالبول مناسب للرضع من عمر شهرين؟,هل دواء كالبول آمن للاستخدام للرضع بعمر شهرين,contraindication,كالبول,Paracetamol
بروفين ممنوع في الشهور الأخيرة من الحمل؟,هل يحظر استخدام إيبوبروفين في الثلث الثالث من الحمل,contraindication,بروفين,Ibuprofen
أدفيل ينفع مع الرضاعة الطبيعية؟,هل دواء أدفيل آمن أثناء فترة الرضاعة الطبيعية,contraindication,أدفيل,Ibuprofen
كونكور بيقلل ضربات القلب السريعة؟,هل يعمل كونكور على إبطاء سرعة ضربات القلب,general_info,كونكور,Bisoprolol
كوزار بيحمي الكلى لمرضى السكر؟,هل يحمي كوزار الكلى من التلف لدى مرضى السكري,general_info,كوزار,Losartan
هايزار مناسب لمرضى الضغط العالي؟,هل دواء هايزار فعال لمرضى ارتفاع ضغط الدم,general_info,هايزار,Losartan
سنجولار بيمنع نوبات الربو أثناء الليل؟,هل يمنع سنجولار حدوث نوبات الربو الليلية,general_info,سنجولار,Montelukast
ليريكا بيستخدم في علاج ألم الأعصاب؟,هل يستخدم ليريكا لعلاج آلام الأعصاب المزمنة,general_info,ليريكا,Pregabalin
هارنال أفضل وقت ليه قبل النوم؟,ما أفضل وقت لتناول دواء هارنال هل هو قبل النوم,administration,هارنال,Tamsulosin
زيرتيك ينفع للحساسية من الغبرة؟,هل دواء زيرتيك فعال لعلاج حساسية الغبار,general_info,زيرتيك,Cetirizine
نيكسيوم بيعلاج حموضة المعدة والارتجاع؟,هل يعالج نيكسيوم حموضة المعدة والارتجاع المريئي,general_info,نيكسيوم,Esomeprazole
بانازول ينفع لقرحة المعدة؟,هل بانازول مناسب لعلاج قرحة المعدة,general_info,بانازول,Omeprazole
سيبروكسين بيستخدم لإلتهاب المسالك البولية؟,هل يستخدم سيبروكسين في علاج التهابات المسالك البولية,general_info,سيبروكسين,Ciprofloxacin
فلاجيل بيستخدم للجيوب الأنفية؟,هل دواء فلاجيل فعال لعلاج التهاب الجيوب الأنفية,general_info,فلاجيل,Metronidazole
أموكسيل شراب ينفع للأطفال الصغيرين؟,هل دواء أموكسيل شراب مناسب للأطفال الصغار,contraindication,أموكسيل شراب,Amoxicillin
زيثروماكس بياخد 3 أيام بس ويكفي؟,هل مدة علاج الزيثروماكس 3 أيام كافية للشفاء,dosage,زيثروماكس,Azithromycin
أوجمنتين بينفع لكل أنواع الإلتهابات؟,هل دواء أوجمنتين فعال لعلاج جميع أنواع العدوى البكتيرية,general_info,أوجمنتين,Amoxicillin-Clavulanate
فنتولين بخاخ ينفع قبل التمرين الرياضي؟,هل يمكن استخدام بخاخ فنتولين قبل ممارسة الرياضة,administration,فنتولين,Salbutamol
سريتيدي بخاخ للأطفال أقل من 5 سنين؟,هل بخاخ سريتيدي آمن للأطفال دون سن الخامسة,contraindication,سريتيدي,Fluticasone-Salmeterol
سبيريفا جهاز يستخدم مرة واحدة في اليوم؟,هل يستخدم جهاز سبيريفا مرة واحدة يوميًا,administration,سبيريفا,Tiotropium
تليفاست ينفع للحساسية الجلدية؟,هل دواء تليفاست فعال في علاج الحكة والطفح الجلدي الناتج عن الحساسية,general_info,تليفاست,Fexofenadine
أفامايس بخاخ الأنف بيستخدم كام شهر؟,ما هي المدة الآمنة لاستخدام بخاخ أفامايس للأنف,dosage,أفامايس,Fluticasone
ديكساميثازون كريم ينفع للالتهابات الجلدية؟,هل كريم ديكساميثازون مناسب لعلاج التهابات الجلد,general_info,ديكساميثازون,Dexamethasone
بريدنيزولون حبوب بتستخدم كم يوم؟,ما هي مدة استخدام أقراص بريدنيزولون,dosage,بريدنيزولون,Prednisolone
ميثوتريكسات حبوب لمرض الروماتويد؟,هل تستخدم أقراص ميثوتريكسات في علاج الروماتويد,general_info,ميثوتريكسات,Methotrexate
هيدروكسي كلوروكين بيستخدم لمرض الذئبة؟,هل يستخدم دواء هيدروكسي كلوروكين في علاج مرض الذئبة الحمراء,general_info,هيدروكسي كلوروكين,Hydroxychloroquine
سيتريزين نقط ينفع للأطفال الرضع؟,هل نقط سيتريزين آمنة للأطفال الرضع,contraindication,سيتريزين,Cetirizine
لوراتادين شراب جرعته على حسب الوزن ولا السن؟,هل تعتمد جرعة شراب لوراتادين على الوزن أم على العمر,dosage,لوراتادين,Loratadine
أوميبرازول بيتاخد قبل الأكل بنص ساعة؟,هل يجب تناول أوميبرازول قبل الطعام بنصف ساعة,administration,أوميبرازول,Omeprazole
بانتوبرازول بينفع لجرثومة المعدة؟,هل يعالج بانتوبرازول جرثومة المعدة,general_info,بانتوبرازول,Pantoprazole
لانزوبرازول بياخد في الصباح ولا المساء؟,هل يفضل تناول لانزوبرازول في الصباح أم في المساء,administration,لانزوبرازول,Lansoprazole
موتيليوم بيوقف القيء والغثيان بسرعة؟,هل يعمل موتيليوم على إيقاف القيء والغثيان بسرعة,general_info,موتيليوم,Domperidone
بريموبيريد يناسب الحامل للغثيان الصباحي؟,هل دواء بريموبيريد آمن للحامل لعلاج غثيان الصباح,contraindication,بريموبيريد,Metoclopramide
زوفران أقراص بتنفع للغثيان الكيميائي؟,هل أقراص زوفران فعالة للغثيان المصاحب للعلاج الكيميائي,general_info,زوفران,Ondansetron
ايميوم كبسولات بتستخدم للإسهال المسافرين؟,هل تستخدم كبسولات ايميوم لعلاج إسهال المسافرين,general_info,ايميوم,Loperamide
لاكتولوز شراب بينفع للإمساك المزمن؟,هل يعالج شراب لاكتولوز الإمساك المزمن,general_info,لاكتولوز,Lactulose
أورسوفالك بيستخدم لعلاج حصوات المرارة؟,هل يستخدم دواء أورسوفالك لتفتيت حصوات المرارة,general_info,أورسوفالك,Ursodeoxycholic acid
ليجالون كبسولات بتنفع لتليف الكبد؟,هل كبسولات ليجالون مفيدة في علاج تليف الكبد,general_info,ليجالون,Silymarin
أمبروكسول شراب بينظف الصدر من البلغم؟,هل يساعد شراب أمبروكسول على طرد البلغم من الصدر,general_info,أمبروكسول,Ambroxol
أسيتيل سيستيين فوار مينفعش مع مين؟,ما هي الأدوية التي لا يجب تناولها مع أسيتيل سيستيين فوار,interaction,أسيتيل سيستيين,Acetylcysteine
زاناكس أقراص بتستخدم للقلق والتوتر؟,هل أقراص زاناكس لعلاج نوبات القلق والتوتر العصبي,general_info,زاناكس,Alprazolam
ستيلنوكس حبوب منومة بتسبب إدمان؟,هل أقراص ستيلنوكس المنومة قد تسبب الإدمان,side_effects,ستيلنوكس,Zolpidem
تيجريتول أقراص للصرع بتسبب دوخة؟,هل تسبب أقراص تيجريتول المستخدمة للصرع الدوخة,side_effects,تيجريتول,Carbamazepine
لاميكتال أقراص مع أدوية الصرع التانية؟,هل يمكن استخدام لاميكتال مع أدوية الصرع الأخرى,interaction,لاميكتال,Lamotrigine
كيبرا أقراص بتستخدم للصرع الجزئي؟,هل تستخدم أقراص كيبرا لعلاج نوبات الصرع الجزئية,general_info,كيبرا,Levetiracetam
زولوفت أقراص بتحتاج قد إيه عشان تبدأ تظهر نتايجها؟,ما هي المدة اللازمة لظهور تأثير أقراص زولوفت,dosage,زولوفت,Sertraline
سيبرالكس أقراص بتتاخد صباح ولا مساء؟,هل يفضل تناول أقراص سيبرالكس في الصباح أم في المساء,administration,سيبرالكس,Escitalopram
سيروكسات أقراص بتزود الوزن؟,هل تسبب أقراص سيروكسات زيادة في الوزن,side_effects,سيروكسات,Paroxetine
إيفيكسور كبسولات بتسبب صداع؟,هل تسبب كبسولات إيفيكسور الصداع,side_effects,إيفيكسور,Venlafaxine
أميتريبتيلين أقراص بتنفع لآلام الأعصاب؟,هل تستخدم أقراص أميتريبتيلين لعلاج آلام الأعصاب,general_info,أميتريبتيلين,Amitriptyline
ريسبيريدال أقراص بتستخدم ليه؟,لأي غرض تستخدم أقراص ريسبيريدال,general_info,ريسبيريدال,Risperidone
أولانزابين أقراص بتسبب تخن شراهة؟,هل تسبب أقراص أولانزابين زيادة شديدة في الشهية,side_effects,أولانزابين,Olanzapine
كيتيابين أقراص بتساعد على النوم؟,هل تساعد أقراص كيتيابين على النوم,general_info,كيتيابين,Quetiapine
سوماتريبتان أقراص لعلاج الشقيقة؟,هل أقراص سوماتريبتان فعالة لعلاج نوبات الصداع النصفي,general_info,سوماتريبتان,Sumatriptan
ديفلوكان كبسولة جرعة واحدة تكفي للفطريات؟,هل جرعة واحدة من كبسولة ديفلوكان كافية لعلاج الفطريات,dosage,ديفلوكان,Fluconazole
كانستن كريم دهان بينفع للحكة الجلدية؟,هل كريم كانستن مفيد لعلاج الحكة الجلدية,general_info,كانستن,Clotrimazole
إيتراكونازول كبسولات بتستخدم قد إيه؟,ما هي مدة استخدام كبسولات إيتراكونازول,dosage,إيتراكونازول,Itraconazole
تيربينافين أقراص بتستخدم لفطريات الأظافر؟,هل تستخدم أقراص تيربينافين لعلاج فطريات الأظافر,general_info,تيربينافين,Terbinafine
نيستاتين شراب ينفع للفطريات بالفم للأطفال؟,هل شراب نيستاتين مناسب لعلاج فطريات الفم للأطفال,general_info,نيستاتين,Nystatin
كيتوكونازول كريم بينفع للقشرة؟,هل كريم كيتوكونازول فعال لعلاج قشرة الشعر,general_info,كيتوكونازول,Ketoconazole
بيلاراين نقط لعلاج الديدان للأطفال؟,هل نقط بيلاراين لعلاج الديدان عند الأطفال,general_info,بيلاراين,Pyrantel
فيرموكس أقراص لعلاج الديدان والإسهال؟,هل تستخدم أقراص فيرموكس لعلاج الديدان والإسهال المصاحب لها,general_info,فيرموكس,Mebendazole
زينتيل أقراص لعلاج الديدان الشريطية؟,هل أقراص زينتيل فعالة لعلاج الديدان الشريطية,general_info,زينتيل,Albendazole
سبرامبك أقراص لعلاج الديدان الخطافية؟,هل أقراص سبرامبك فعالة لعلاج الديدان الخطافية,general_info,سبرامبك,Pyrantel
إيفرمكتين أقراص لعلاج الجرب؟,هل تستخدم أقراص إيفرمكتين في علاج الجرب,general_info,إيفرمكتين,Ivermectin
أسبيكور أقراص لعلاج الديدان الخيطية؟,هل أقراص أسبيكور فعالة لعلاج الديدان الخيطية,general_info,أسبيكور,Ivermectin
ليبيتور أقراص بتخفض الكولسترول الضار؟,هل تقلل أقراص ليبيتور من مستوى الكولسترول الضار,general_info,ليبيتور,Atorvastatin
كريستور أقراص بتخفض الدهون الثلاثية؟,هل تعمل أقراص كريستور على خفض الدهون الثلاثية,general_info,كريستور,Rosuvastatin
زوكور أقراص بتتاخد بالليل ليه؟,لماذا يفضل تناول أقراص زوكور في المساء,administration,زوكور,Simvastatin
إيزيتيمايب أقراص بتخفض الكولسترول من الأكل؟,هل تقلل أقراص إيزيتيمايب من امتصاص الكولسترول من الطعام,general_info,إيزيتيمايب,Ezetimibe
فينوفايبرات أقراص بتنفع للدهون الثلاثية؟,هل أقراص فينوفايبرات فعالة لعلاج ارتفاع الدهون الثلاثية,general_info,فينوفايبرات,Fenofibrate
أوميجا 3 كبسولات بتخفض الكولسترول الحلو؟,هل تساعد كبسولات أوميجا 3 على رفع الكولسترول الجيد في الدم,general_info,أوميجا 3,Omega-3 fatty acids
نيوروبيون أقراص فيتامين B المركب بتزود الطاقة؟,هل تزيد أقراص نيوروبيون من الطاقة وتقلل الإرهاق,general_info,نيوروبيون,Vitamin B complex
فيتامين دي 50000 كبسولة جرعتها مرة في الأسبوع؟,هل جرعة كبسولة فيتامين دي 50000 مرة واحدة أسبوعيًا,dosage,فيتامين دي 50000,Cholecalciferol
كالسيوم ساندوز أقراص فوارة لعلاج نقص الكالسيوم؟,هل أقراص كالسيوم ساندوز الفوارة لعلاج نقص الكالسيوم,general_info,كالسيوم ساندوز,Calcium carbonate
فيروجلوبين شراب لعلاج الأنيميا للحوامل؟,هل شراب فيروجلوبين مناسب لعلاج الأنيميا للحوامل,general_info,فيروجلوبين,Iron-Vitamin B complex
فولفيت أقراص بتستخدم للحامل منعًا للتشوهات؟,هل تستخدم أقراص فولفيت للحامل للوقاية من تشوهات الجنين,general_info,فولفيت,Folic acid
بيديابروفين شراب للأطفال للحرارة؟,هل شراب بيديابروفين آمن للأطفال لخفض الحرارة,general_info,بيديابروفين,Ibuprofen
بيدياليت أكياس لتعويض السوائل للأطفال المصابين بالإسهال؟,هل أكياس بيدياليت لتعويض السوائل المفقودة بسبب الإسهال عند الأطفال,general_info,بيدياليت,ORS
سنجولار أطفال مضغ لعلاج أزيز الصدر الربوي؟,هل أقراص سنجولار للأطفال فعالة لعلاج أزيز الصدر المصاحب للربو,general_info,سنجولار أطفال,Montelukast
فاستوم جيل دهان موضعي لعلاج آلام المفاصل؟,هل جل فاستوم الموضعي فعال لعلاج آلام المفاصل,general_info,فاستوم جيل,Ketoprofen
فوساماكس أقراص لعلاج هشاشة العظام مرة بالأسبوع؟,هل أقراص فوساماكس لعلاج هشاشة العظام تؤخذ مرة أسبوعيًا,dosage,فوساماكس,Alendronate
إكساليف نقط للعين لعلاج الجلوكوما؟,هل نقط إكساليف لعلاج ارتفاع ضغط العين والجلوكوما,general_info,إكساليف,Latanoprost
كوزوبت نقط لعلاج المياه الزرقاء في العين؟,هل نقط كوزوبت فعالة لعلاج المياه الزرقاء,general_info,كوزوبت,Dorzolamide-Timolol
ليفوكساسين عين لعلاج إلتهابات العين؟,هل نقط ليفوكساسين للعين لعلاج الالتهابات البكتيرية,general_info,ليفوكساسين عين,Levofloxacin
ريجين محلول موضعي لعلاج تساقط الشعر؟,هل محلول ريجين الموضعي فعال لعلاج الصلع وتساقط الشعر,general_info,ريجين,Minoxidil
بروبيسيا أقراص لعلاج تساقط الشعر للرجال فقط؟,هل أقراص بروبيسيا لعلاج تساقط الشعر مخصصة للرجال فقط,contraindication,بروبيسيا,Finasteride
يوريكس أقراص لتضخم البروستاتا للرجال فقط؟,هل أقراص يوريكس لعلاج تضخم البروستاتا للرجال فقط,contraindication,يوريكس,Finasteride
بوستينور حبوب لمنع الحمل الطارئ طريقة استخدامها؟,ما هي طريقة استخدام حبوب بوستينور لمنع الحمل الطارئ,dosage,بوستينور,Levonorgestrel
ميكروجينون حبوب منع حمل يومية؟,هل حبوب ميكروجينون هي حبوب منع حمل يومية,general_info,ميكروجينون,Levonorgestrel-Ethinylestradiol
فيت د حبوب فيتامين D3 لتقوية العظام؟,هل حبوب فيت د لتقوية العظام والعضلات,general_info,فيت د,Cholecalciferol
جلوكوزامين لتقوية الغضاريف والمفاصل؟,هل دواء جلوكوزامين لتقوية الغضاريف والمفاصل,general_info,جلوكوزامين,Glucosamine
سيالس أقراص لضعف الانتصاب؟,هل أقراص سيالس فعالة لعلاج ضعف الانتصاب,general_info,سيالس,Tadalafil
ترامادول مسكن قوي لا يستخدم بدون روشتة؟,هل مسكن الترامادول قوي ولا يجب استخدامه بدون روشتة طبية,contraindication,ترامادول,Tramadol
تراميل كبسول لآلام السرطان والأعصاب؟,هل كبسول تراميل لعلاج آلام السرطان والأعصاب الشديدة,general_info,تراميل,Tramadol
ليفوفلوكساسين مضاد حيوي بيسبب تمزق في الأوتار؟,هل مضاد ليفوفلوكساسين الحيوي يسبب تمزق الأوتار,side_effects,ليفوفلوكساسين,Levofloxacin
دالاسين كبسول لعلاج حب الشباب الشديد؟,هل كبسول دالاسين فعالة لعلاج حب الشباب الشديد,general_info,دالاسين,Clindamycin
بيبانتين كريم لعلاج تشقق الحلمات عند المرضع؟,هل كريم بيبانتين لعلاج تشقق حلمات الثدي عند المرضع,general_info,بيبانتين,Dexpanthenol
بيتادين محلول مطهر للجروح والحروق؟,هل محلول بيتادين مطهر مناسب لتنظيف الجروح والحروق,general_info,بيتادين,Povidone-iodine
تيكسيل مرهم لعلاج الإكزيما المزمنة؟,هل مرهم تيكسيل فعال لعلاج الإكزيما المزمنة,general_info,تيكسيل,Tacrolimus
دوسباتالين أقراص لعلاج القولون العصبي؟,هل أقراص دوسباتالين لعلاج أعراض القولون العصبي,general_info,دوسباتالين,Mebeverine
بوسكوبان أقراص لعلاج مغص البطن؟,هل أقراص بوسكوبان لعلاج تشنجات ومغص البطن,general_info,بوسكوبان,Hyoscine butylbromide
بوسكوبان بلس أقراص لعلاج المغص مع الحرارة؟,هل أقراص بوسكوبان بلس لعلاج المغص المصاحب بارتفاع الحرارة,general_info,بوسكوبان بلس,Hyoscine-Paracetamol
رينني أقراض مضغ لعلاج الحموضة وعسر الهضم؟,هل أقراص رينني للمضغ لعلاج الحموضة وعسر الهضم,general_info,رينني,Calcium carbonate-Magnesium
جافيسكون شراب لعلاج الإرتجاع وحموضة المعدة؟,هل شراب جافيسكون لعلاج ارتجاع المرئ وحموضة المعدة,general_info,جافيسكون,Alginate-Antacid
مالوكس معلق لعلاج الحموضة الزائدة؟,هل معلق مالوكس لعلاج زيادة حموضة المعدة,general_info,مالوكس,Magnesium-Aluminum hydroxide
كونكور مع كوزار مع بعض ينفع لضغط الدم؟,هل يمكن تناول كونكور مع كوزار معًا لعلاج ارتفاع ضغط الدم,interaction,كونكور,Bisoprolol
كوزار مع بروفين في نفس اليوم آمن؟,هل تناول كوزار مع بروفين في نفس اليوم آمن,interaction,كوزار,Losartan
بروفين مع أسبرين يزود خطر النزيف؟,هل تناول بروفين مع أسبرين يزيد من خطر النزيف,interaction,بروفين,Ibuprofen
أسبرين مع وارفارين يزود سيولة الدم زيادة؟,هل تناول أسبرين مع وارفارين يزيد سيولة الدم بشكل خطير,interaction,أسبرين,Aspirin
وارفارين مع فيتامين ك ممنوع؟,هل تناول وارفارين مع فيتامين ك ممنوع,interaction,وارفارين,Warfarin
كلوبيدوجريل مع أوميبرازول يقلل مفعوله؟,هل تناول كلوبيدوجريل مع أوميبرازول يقلل من فعاليته,interaction,كلوبيدوجريل,Clopidogrel
أموكسيسيلين مع مدرات البول يزود حساسية الجلد؟,هل تناول أموكسيسيلين مع مدرات البول يزيد من حساسية الجلد,interaction,أموكسيسيلين,Amoxicillin
سيمفاستاتين مع جريب فروت يزود سميته؟,هل تناول سيمفاستاتين مع عصير جريب فروت يزيد من سمية الدواء,interaction,سيمفاستاتين,Simvastatin
أتورفاستاتين مع كلاريثروميسين بيزود ألم العضلات؟,هل تناول أتورفاستاتين مع كلاريثروميسين يزيد من ألم العضلات,interaction,أتورفاستاتين,Atorvastatin
ميتفورمين مع صبغة اليود قبل الأشعة ممنوع؟,هل تناول ميتفورمين مع صبغة اليود المستخدمة في الأشعة ممنوع,contraindication,ميتفورمين,Metformin
جلوكوفاج مع الكحول يزود خطر الحماض اللبني؟,هل تناول جلوكوفاج مع الكحول يزيد من خطر الحماض اللبني,contraindication,جلوكوفاج,Metformin
نيستاتين مع فلوكونازول مينفعش مع بعض؟,لا يمكن استخدام نيستاتين مع فلوكونازول معًا,contraindication,نيستاتين,Nystatin
أيزوتريتينوين مع تتراسيكلين ممنوع لزيادة الضغط على المخ؟,يمنع استخدام أيزوتريتينوين مع تتراسيكلين لزيادة الضغط داخل الجمجمة,contraindication,أيزوتريتينوين,Isotretinoin
بنزويل بيروكسيد مع ريتينويد ممنوع لتهيج البشرة؟,يمنع استخدام بنزويل بيروكسيد مع ريتينويد لتجنب تهيج البشرة,contraindication,بنزويل بيروكسيد,Benzoyl peroxide
ميفيناميك مع أسبرين يزود قرحة المعدة؟,هل تناول ميفيناميك مع أسبرين يزيد من خطر قرحة المعدة,interaction,ميفيناميك,Mefenamic acid
ديكلوفيناك مع ليثيوم يزود سمية الليثيوم؟,هل تناول ديكلوفيناك مع ليثيوم يزيد من سمية الليثيوم في الدم,interaction,ديكلوفيناك,Diclofenac
فينيتوين مع فلوكونازول يزود مستوى الفينيتوين؟,هل تناول فينيتوين مع فلوكونازول يزيد من مستوى الفينيتوين في الدم,interaction,فينيتوين,Phenytoin
كاربامازيبين مع كلاريثروميسين يزود الدوخة والغثيان؟,هل تناول كاربامازيبين مع كلاريثروميسين يزيد من الدوخة والغثيان,interaction,كاربامازيبين,Carbamazepine
بريجابالين مع هيدروكودون يزود النعاس والدوخة؟,هل تناول بريجابالين مع هيدروكودون يزيد من النعاس والدوخة,interaction,بريجابالين,Pregabalin
زوبيكلون مع أوكسيكودون يزود خطر توقف التنفس؟,هل تناول زوبيكلون مع أوكسيكودون يزيد من خطر توقف التنفس,interaction,زوبيكلون,Zopiclone
ديازيبام مع أتراكوريوم يزود استرخاء العضلات؟,هل تناول ديازيبام مع أتراكوريوم يزيد من استرخاء العضلات,interaction,ديازيبام,Diazepam
فينوباربيتال مع فالبروات يزود النعاس؟,هل تناول فينوباربيتال مع فالبروات يزيد من النعاس,interaction,فينوباربيتال,Phenobarbital
ميثوتريكسات مع أسبرين يزود سمية الدم؟,هل تناول ميثوتريكسات مع أسبرين يزيد من سمية الدم,interaction,ميثوتريكسات,Methotrexate
هيدروكسي كلوروكين مع ديجوكسين يزود مستوى الديجوكسين؟,هل تناول هيدروكسي كلوروكين مع ديجوكسين يزيد من مستوى الديجوكسين في الدم,interaction,هيدروكسي كلوروكين,Hydroxychloroquine
الباراسيتامول جرعته كام مليجرام في اليوم؟,ما هي الجرعة اليومية القصوى للباراسيتامول,dosage,الباراسيتامول,Paracetamol
الإيبوبروفين ينفع مع وجع الظهر الشديد؟,هل دواء الإيبوبروفين فعال لعلاج آلام الظهر الشديدة,general_info,الإيبوبروفين,Ibuprofen
الأملوديبين بينزل ضغط الدم في وقت قد إيه؟,ما هي سرعة تأثير أملوديبين على ضغط الدم,dosage,الأملوديبين,Amlodipine
البيسوبرولول ينفع لمرضى القلب مع الضغط؟,هل دواء بيسوبرولول مناسب لمرضى القلب المصابين بارتفاع الضغط,general_info,البيسوبرولول,Bisoprolol
اللوسارتان بيحمي الكلى ولا بيضرها؟,هل دواء لوسارتان يحمي الكلى أم قد يسبب ضررًا لها,general_info,اللوسارتان,Losartan
الميتفورمين بيخسس الوزن فعلًا؟,هل دواء الميتفورمين يساعد بالفعل على إنقاص الوزن,general_info,الميتفورمين,Metformin
الجاتا فكس بتتاخد قبل الأكل ولا بعده؟,هل تؤخذ أقراص جاتا فكس قبل الطعام أم بعده,administration,جاتا فكس,Gatifloxacin
أموكسيسيلين حساسية الجلد تظهر في اليوم كام؟,في أي يوم تظهر عادة أعراض حساسية الجلد لدواء أموكسيسيلين,side_effects,أموكسيسيلين,Amoxicillin
أتورفاستاتين هل هو آمن للحامل,هل دواء أتورفاستاتين آمن للاستخدام أثناء الحمل,contraindication,أتورفاستاتين,Atorvastatin
أزيثروميسين يتم استخدامه لمدة 5 أيام,يستخدم مضاد أزيثروميسين الحيوي لمدة خمسة أيام,dosage,أزيثروميسين,Azithromycin
ياريت تقولي لو ممنوع أستخدم بروفين في الشهور الأخيرة من الحمل,هل يحظر استخدام دواء بروفين في الأشهر الأخيرة من الحمل,contraindication,بروفين,Ibuprofen
الناس بيشتكوا من إيه لما بياخدوا إيبوبروفين كتير,ما هي الأعراض الجانبية الشائعة للاستخدام المفرط لدواء إيبوبروفين,side_effects,إيبوبروفين,Ibuprofen
هل في تعارض بين دواء كونكور ودواء كوزار وأنا باخدهم مع بعض,هل يوجد تعارض دوائي بين كونكور وكوزار عند تناولهما معًا,interaction,كونكور,Bisoprolol
حابة أسأل عن الجرعة المناسبة لبانادول شراب لطفلي اللي عنده سنة,أحتاج إلى معرفة الجرعة المناسبة لشراب بانادول لطفلي البالغ من العمر سنة واحدة,dosage,بانادول,Paracetamol
ممكن معلومات عن الآثار الجانبية لدواء ليريكا على المدى البعيد,أود معرفة الأعراض الجانبية طويلة المدى لدواء ليريكا,side_effects,ليريكا,Pregabalin
هل دواء هارنال مناسب للستات ولا مخصص للرجالة بس,هل دواء هارنال مخصص للرجال فقط أم يمكن استخدامه للنساء أيضًا,contraindication,هارنال,Tamsulosin
متى أحس بتحسن بعد ما أبدأ أستخدم زولوفت,متى يبدأ مفعول دواء زولوفت في التحسن,general_info,زولوفت,Sertraline
سمعت أن نيكسيوم بيسبب مشاكل في الكلى لو استخدمته كتير، الكلام دا صحيح,هل صحيح أن الاستخدام الطويل لدواء نيكسيوم قد يسبب مشاكل في الكلى,side_effects,نيكسيوم,Esomeprazole
تعبت من القولون العصبي، حد قالي دوسباتالين كويس. إيه رأيك,هل دواء دوسباتالين فعال لعلاج أعراض القولون العصبي,general_info,دوسباتالين,Mebeverine
طفلي عنده سخونة 38 درجة، أقدر أدي له كالبول شراب ولا لا,هل يمكن إعطاء شراب كالبول لطفل يعاني من حرارة 38 درجة مئوية,general_info,كالبول,Paracetamol
أنا مريض سكر نوع تاني وجلوكوفاج وحده مش كفاية معايا، في إضافة أمانة,ما هي الأدوية الآمنة التي يمكن إضافتها مع جلوكوفاج لمرضى السكر,general_info,جلوكوفاج,Metformin
أنا حامل في الشهر التامن والدكتور كتبلي بروفين لوجع الأسنان، هل هو آمن,هل دواء إيبوبروفين آمن للاستخدام في الشهر الثامن من الحمل,contraindication,بروفين,Ibuprofen
لو سمحت عاوز أعرف جرعة سنجولار لطفلي اللي عنده 4 سنين للربو,ما هي جرعة دواء سنجولار المناسبة لطفل يبلغ من العمر 4 سنوات لعلاج الربو,dosage,سنجولار,Montelukast
مراتي بتستخدم وارفارين ودكتور جريبها قالها وصفة فيها بانادول، ينفع تاخده ولا فيه تعارض,هل يوجد تعارض بين دواء وارفارين ودواء باراسيتامول,interaction,وارفارين,Warfarin
هل الليبراكس بيسبب إدمان لو استخدمته فترة طويلة,هل يسبب دواء ليبراكس الإدمان عند الاستخدام طويل الأمد,side_effects,ليبراكس,Alprazolam
أنا مريض ضغط وباخد كوزار، ممكن آخد بروفين لوجع الرأس,هل يمكن لمريض الضغط الذي يتناول لوسارتان تناول إيبوبروفين,contraindication,كوزار,Losartan
أمي عندها 70 سنة وعظامها ضعيفة، فوساماكس مرة واحدة في الأسبوع كفاية,هل جرعة فوساماكس مرة واحدة أسبوعيًا كافية لعلاج هشاشة العظام عند كبار السن,dosage,فوساماكس,Alendronate
اكتشفت أن ابني عنده ديدان، هل ينفع أعطيه ألبندازول وهو عنده 3 سنين,هل يمكن إعطاء دواء ألبندازول لطفل يبلغ من العمر 3 سنوات لعلاج الديدان,contraindication,ألبندازول,Albendazole
أوقفت دواء كونكور فجأة بعد ما كنت باخده بقالي سنة، حسيت بدوخة وضربات قلبي زادت ليه,ما هي أعراض الانسحاب المفاجئ لدواء كونكور,side_effects,كونكور,Bisoprolol
فيه حبوب منظمة تاني غير ميكروجينون نفس الفعالية,هل توجد حبوب منظمة أخرى بديلة لدواء ميكروجينون,general_info,ميكروجينون,Levonorgestrel-Ethinylestradiol
والدي عنده مرض السكر والضغط وبياخد جلوكوفاج وكوزار، إضافات تانية ممنوعة,هل توجد أدوية أخرى ممنوع تناولها مع جلوكوفاج وكوزار,interaction,جلوكوفاج,Metformin
باخد سيبرالكس من أسبوعين وحاسس بغثيان وصداع، دا طبيعي,هل الغثيان والصداع من الأعراض الجانبية الطبيعية لدواء سيبرالكس,side_effects,سيبرالكس,Escitalopram
هل حبوب منع الحمل الطارئ بوستينور بتتاخد بعد العلاقة بقد إيه,ما هي المدة المسموحة لتناول حبوب منع الحمل الطارئ بوستينور بعد العلاقة,dosage,بوستينور,Levonorgestrel
أختي بتستخدم كريستور من سنين وحاسه بألم في عضلات فخذها، ممكن يكون من الدواء,هل يمكن أن يكون ألم عضلات الفخذ من الآثار الجانبية لدواء كريستور,side_effects,كريستور,Rosuvastatin
أثناء الحمل الدكاترة قالولي كتافلام ممنوع، بس أنا حاسة بآلم في ضرس,هل يمكن تناول مسكن كتافلام لآلام الأسنان أثناء الحمل,contraindication,كتافلام,Diclofenac
حابة أعرف لو في بديل طبيعي لدواء زيرتيك لحساسية الأنف,هل توجد بدائل طبيعية لدواء زيرتيك لعلاج حساسية الأنف,general_info,زيرتيك,Cetirizine
والدي بياخد بلافيكس بعد ما اتعمل له دعامة قلبية من 3 شهور، كام شهر تاني محتاج ياخده,ما هي المدة الإجمالية الموصى بها لاستخدام بلافيكس بعد تركيب الدعامة القلبية,dosage,بلافيكس,Clopidogrel
أنا عندي ربو وجالي برد شديد، أستخدم فنتولين بكثرة عادي ولا خطر,هل الاستخدام المفرط لبخاخ فنتولين أثناء نزلات البرد آمن,contraindication,فنتولين,Salbutamol
جارتي بتستخدم جلوكوفاج وتقول لي إنه بيخليها تنحف، دا بيحصل ليه,لماذا يسبب دواء جلوكوفاج فقدان الوزن لدى بعض المرضى,general_info,جلوكوفاج,Metformin
الليبراكس لو خدت جرعة زيادة قد إيه هتأثر عليا,ما هي أعراض جرعة زائدة من دواء ليبراكس,side_effects,ليبراكس,Alprazolam
حماتي عندها روماتويد ودكتورها كتبلها ميثوتريكسات، إيه الأعضاء اللي لازم نتابعها,ما هي الفحوصات الدورية التي يجب إجراؤها لمتابعة تأثير ميثوتريكسات على الجسم,contraindication,ميثوتريكسات,Methotrexate
خالتي عندها شوكة عظمية ودكتور قالها كتافلام جل. هو بينفع ولا هيحسسنها,هل جل كتافلام فعال لعلاج آلام الشوكة العظمية,general_info,كتافلام,Diclofenac
جوزي بياخد أموكسيسيلين والنهاردة شرب كحول، فيه خطر,هل تناول الكحول مع مضاد أموكسيسيلين الحيوي يشكل خطرًا على الصحة,interaction,أموكسيسيلين,Amoxicillin
أنا حامل في الشهر الثالث وعندي ارتفاع بسيط في الضغط، الدكتور كتبلي نورفاسك، هل هو آمن حقًا,هل دواء نورفاسك آمن للاستخدام لعلاج ارتفاع ضغط الدم أثناء الحمل,contraindication,نورفاسك,Amlodipine
ولدى عنده نزلة معوية وإسهال، ممكن أدي له ايميوم ولا مينفعش,هل يمكن إعطاء دواء ايميوم للطفل لعلاج الإسهال,contraindication,ايميوم,Loperamide
أنا مريض سكر وبياخد إنسولين، هل في وقت معين أفضل لحقن الإنسولين,ما هو أفضل وقت لحقن الإنسولين لمرضى السكري,administration,إنسولين,Insulin
بدات أستخدم ليريكا من 3 أيام لآلام الأعصاب وحاسس بدوخة ونعاس,هل الدوخة والنعاس من الأعراض الجانبية المتوقعة لدواء ليريكا,side_effects,ليريكا,Pregabalin
سمعت أن دواء كالسيوم ساندوز مع فيتامين د بيزود امتصاصه، هل في طريقة معينة,هل يؤثر كالسيوم ساندوز مع فيتامين د على امتصاصهما,interaction,كالسيوم ساندوز,Calcium carbonate
أبني دخل المدرسة وبيجيله حساسية من الغبرة، الدكتور كتبله كلاريتين. شربه بيساعد ولا لأ,هل شراب كلاريتين فعال في علاج حساسية الغبار للأطفال,general_info,كلاريتين,Loratadine
أنا بستعمل سبيريفا جهاز لمرض الانسداد الرئوي، ممكن أستخدمه في أي وقت,ما هو أفضل وقت لاستخدام جهاز سبيريفا لعلاج مرض الانسداد الرئوي,administration,سبيريفا,Tiotropium
البانادول هو نفسه الكالبول ولا في فرق,هل يختلف دواء بانادول عن دواء كالبول في التركيب,general_info,بانادول,Paracetamol
زوجتي حامل في الشهر الرابع وبتستخدم زيرتيك عشان حساسية عندها، هل آمن,هل دواء زيرتيك آمن للاستخدام خلال الأشهر الوسطى من الحمل,contraindication,زيرتيك,Cetirizine
أمي عندها جلطة في الساق وبتاخد وارفارين، وبتعاني من إمساك شديد، ممكن تاخد لاكتولوز,هل يمكن تناول دواء لاكتولوز لعلاج الإمساك مع دواء وارفارين,interaction,وارفارين,Warfarin
والدي بياخد أتورفاستاتين وحكالي إنه حاسس بضيق في التنفس، يمكن من الدواء,هل يمكن أن يسبب دواء أتورفاستاتين أعراضًا جانبية مثل ضيق التنفس,side_effects,أتورفاستاتين,Atorvastatin
أنا متزوج جديد ومراتي بتستعمل حبوب منع حمل ميكروجينون وفاتها يومين، إيه العمل,ما هي التعليمات المتبعة عند نسيان تناول حبوب منع الحمل ميكروجينون لمدة يومين,dosage,ميكروجينون,Levonorgestrel-Ethinylestradiol
أنا حساس من البنسلين، واخد روشتة فيها أموكسيسيلين، ممنوع عليا,هل يُمنع تناول أموكسيسيلين للمرضى الذين يعانون من حساسية البنسلين,contraindication,أموكسيسيلين,Amoxicillin
واد عندي عنده حساسية في الجلد من الكريمات، مرهم بيتنوفيت ينفع معاه,هل مرهم بيتنوفيت فعال لعلاج الحساسية الجلدية,general_info,بيتنوفيت,Betamethasone
ابني الصغير عنده إلتهاب في الأذن الوسطى، الدكتور كتبله أوجمنتين. محتاج أعرفه قد إيه مدة العلاج,ما هي مدة العلاج اللازمة لدواء أوجمنتين لالتهاب الأذن الوسطى للأطفال,dosage,أوجمنتين,Amoxicillin-Clavulanate
جارتنا بتستخدم فيروجلوبين عشان الأنيميا عندها، هي حامل في الشهر السابع، هل آمن,هل دواء فيروجلوبين آمن للاستخدام أثناء الحمل لعلاج الأنيميا,contraindication,فيروجلوبين,Iron-Vitamin B complex
أنا مريض صرع من زمان وبياخد تيجريتول، أقدر أغير لدواء تاني بدون ما أراجع دكتور,هل يمكن تغيير دواء الصرع تيجريتول إلى دواء آخر دون استشارة الطبيب,contraindication,تيجريتول,Carbamazepine
أختي تعاني من الصدفية، ودكتور الجلدية كتب لها أولانزابين، هل دا صح,هل دواء أولانزابين مناسب لعلاج الصدفية,general_info,أولانزابين,Olanzapine
زوجي تعب في العضلات من أسبوع ودكتور العظام كتب له بروفين، بس هو بياخد مميعات دم,هل يمكن تناول بروفين مع أدوية مميعات الدم بأمان,interaction,بروفين,Ibuprofen
أمي عندها سكر النوع التاني، وبقالها فترة بتاخد جليمبرايد ومستواها مش ثابت,ما هي الأسباب المحتملة لعدم انتظام مستوى السكر بالدم مع دواء جليمبيريد,general_info,جليمبرايد,Glimepiride
أنا شخص عايز أنزل وزني، قرأت إن جلوكوفاج بينحف، هل أنفع أستعمله,هل يمكن استخدام دواء جلوكوفاج لفقدان الوزن في غير مرضى السكري,contraindication,جلوكوفاج,Metformin
الداي لكن عندي ارتفاع في الكولسترول وبياخد كريستور، ظهرت عنده بقع في العين,هل يمكن أن يسبب دواء كريستور ظهور بقع في العين,side_effects,كريستور,Rosuvastatin
أنا ست حامل في الشهر التاني وباخد فولفيت وقريت انه بيحمي الجنين من التشوهات,هل تناول فولفيت أثناء الحمل يحمي الجنين من التشوهات الخلقية,general_info,فولفيت,Folic acid
ولدى الصغير عنده حرارة شديدة وإسهال، الدكتور قال ممكن بانادول مع بيدياليت,هل يمكن إعطاء الطفل بانادول وبيدياليت معًا لعلاج الحرارة والإسهال,interaction,بانادول,Paracetamol
أنا مريض فشل كلوي ودكاترتي قالت ممنوع عليا بروفين وأدفيل,لماذا يُمنع دواء بروفين وأدفيل على مرضى الفشل الكلوي,contraindication,بروفين,Ibuprofen
سمعت أن دواء ريجين لعلاج الصلع، بس أنا ست، هل ينفع لي,هل يمكن للنساء استخدام محلول ريجين الموضعي لعلاج تساقط الشعر,contraindication,ريجين,Minoxidil
جدي كبير في السن وأخذ روشتة عيادة الأسنان فيها تيربينافين، بس عنده كبد دهني، خطر عليه,هل دواء تيربينافين آمن لمرضى الكبد الدهني,contraindication,تيربينافين,Terbinafine
أنا بستعمل كريم أساس، هل ينفع أدهن كانستن كريم معاه على وشي,هل يمكن استخدام كريم كانستن الموضعي مع مستحضرات التجميل الأساس,administration,كانستن,Clotrimazole
والدي عنده ألم في الركبة وجرب فاستوم جل ولقى نتيجة كويسة، اقدر استخدمه كل يوم,هل يمكن استخدام فاستوم جل يوميًا لعلاج آلام الركبة,dosage,فاستوم جل,Ketoprofen
أختي في فترة الرضاعة وشعرت بحكة وطفح جلدي، هل دواء تليفاست آمن ليها,هل دواء تليفاست آمن للاستخدام أثناء فترة الرضاعة الطبيعية,contraindication,تليفاست,Fexofenadine
أنا شاب عمري 25 سنة وبعاني من تساقط الشعر، هل دواء بروبيسيا هينفع معايا,هل دواء بروبيسيا فعال لعلاج تساقط الشعر عند الشباب,general_info,بروبيسيا,Finasteride
حماتي عندها التهاب في المثانة ودكتور المسالك كتب لها سيبروكسين، بس هي بتاخد جلوكوفاج,هل يتعارض دواء سيبروكسين مع دواء جلوكوفاج لمرضى السكري,interaction,سيبروكسين,Ciprofloxacin
إبني عنده 7 سنين ووزنه 25 كجم، وبياخد أموكسيل شراب، جرعته كام,ما هي جرعة شراب أموكسيل المناسبة لطفل عمره 7 سنوات ووزنه 25 كيلوجرام,dosage,أموكسيل,Amoxicillin
أنا باخد إنسولين وحصل معايا إغماء واتنقلت المستشفى، طلع نقص سكر شديد,ما هي أعراض نقص السكر الشديد الناتج عن جرعة زائدة من الإنسولين,side_effects,إنسولين,Insulin
جارتي حامل في الشهر الخامس وعندها قولون عصبي، وبتاخد بوسكوبان، خلاص ولا خطورة,هل دواء بوسكوبان آمن للاستخدام لعلاج القولون العصبي أثناء الحمل,contraindication,بوسكوبان,Hyoscine butylbromide
أنا مريض ربو وبستخدم سريتيدي مرتين في اليوم، جالي برد وفنتولين مش ماسكني,ماذا أفعل إذا لم يعد بخاخ فنتولين يسيطر على أعراض الربو أثناء نزلة البرد,general_info,سريتيدي,Fluticasone-Salmeterol
والدي تعب في العضلات من فترة ودكتور العظام المحترم كتب له كتافاست جل، مينفعش ياخد حبوب,هل هناك فرق بين جل كتافاست وأقراص كتافاست في العلاج,general_info,كتافاست,Ketoprofen
أنا حامل وعندي فقر دم من النوع المنجلي، وصفولي فولفيت، لا إله إلا أنت,هل فولفيت آمن وفعال لعلاج فقر الدم المنجلي أثناء الحمل,general_info,فولفيت,Folic acid
ابني عنده أنيميا الفول، ممكن ياخد فيروجلوبين ولا يمنع,هل يُمنع دواء فيروجلوبين على مرضى أنيميا الفول,contraindication,فيروجلوبين,Iron-Vitamin B complex
أنا مريض ضغط وكوليسترول وباخد كوزار وليبيتور، لكن قلقان من السكري,هل هناك خطر من أن الأدوية الخافضة للضغط والكوليسترول تسبب مرض السكري,general_info,كوزار,Losartan
أنا حامل في الشهور الأولى وكنت باخد أوميبرازول قبل الحمل. أوقفه لوحدي ولا أنتظر,هل يجب إيقاف دواء أوميبرازول فور اكتشاف الحمل,contraindication,أوميبرازول,Omeprazole
أنا مريض صرع وباخد لاميكتال، وفاتتني جرعة امبارح، أعمل إيه دلوقتي,ما هي خطوات التعامل مع نسيان جرعة دواء لاميكتال للصرع,dosage,لاميكتال,Lamotrigine
أختي الصغيرة عندها صدفية في فروة الرأس، ممكن نستخدم بيتنوفيت كريم لعلاجها,هل كريم بيتنوفيت مناسب لعلاج الصدفية في فروة الرأس,general_info,بيتنوفيت,Betamethasone
أنا مريض أعصاب وباخد ليريكا وزاناكس مع بعض، الدكتور قال لي عادي,هل خلط دواء ليريكا مع زاناكس آمن,interaction,ليريكا,Pregabalin
والدي كبير في السن وعنده تضخم بروستاتا، بياخد هارنال وتحسن شوية، هل يفضل يزود الجرعة,هل يمكن زيادة جرعة دواء هارنال إذا لم تكن الجرعة الحالية كافية,contraindication,هارنال,Tamsulosin
والدتي عندها ألم في مفاصل الركبة وبيجيها تورم، الأطباء وصفوا فاستوم جل وديكلوفين,هل يمكن استخدام فاستوم جل وديكلوفين معًا لعلاج آلام وتورم المفصل,interaction,فاستوم جل,Ketoprofen
أنا مريض سكر النوع التاني ومش عارف أتحكم في السكر، الدكتور فكر يضيف لي جانوفيا مع الجلوكوفاج,هل دواء جانوفيا فعال كعلاج إضافي مع جلوكوفاج لمرضى السكر,general_info,جانوفيا,Sitagliptin
أنا مرضع وطفلي عنده مغص، سمعت أن كام زيت الشمر بينفع، بس محتاجة حاجة طبية,هل هناك دواء طبي آمن لعلاج مغص الرضع أثناء الرضاعة,general_info,لا يوجد,لا يوجد
أنا عندي حساسية شديدة من البنسلين، وعندي التهاب في اللوزتين، الدكتور وصفلي زيثروماكس، ينفع,هل دواء زيثروماكس آمن للمرضى الذين يعانون من حساسية البنسلين,contraindication,زيثروماكس,Azithromycin
أنا باخد وارفارين وعندي ألم في الأسنان، الدكتور صرفلي بروفين، ما الحل الأمثل,ما هي المسكنات الآمنة لمرضى الوارفارين بدلاً من الإيبوبروفين,interaction,وارفارين,Warfarin
أنا ست حامل في الشهر التاسع وعندي ألم شديد في الظهر، الدكتور كتبلي كتافلام، لكن أنا قلقة,هل من الآمن استخدام كتافلام لآلام الظهر في الشهر التاسع من الحمل,contraindication,كتافلام,Diclofenac
أنا عندي ديدان في البراز، هل أستطيع أخذ زينتيل مرة واحدة فقط,هل جرعة واحدة من دواء زينتيل كافية للتخلص من الديدان,dosage,زينتيل,Albendazole
أنا بستخدم كوزوبت نقط للعين من سنتين، الدكتور قال لي محتاج أروح أعمل قياس ضغط العين,ما أهمية قياس ضغط العين بشكل دوري أثناء استخدام نقط كوزوبت,contraindication,كوزوبت,Dorzolamide-Timolol
أنا عندي حساسية من الصيف، كل سنة بتجيلي تورم وعيوني تدمع، أفضل دواء لوراتادين ولا سيتريزين,مقارنة بين دواء لوراتادين وسيتريزين لعلاج حساسية الصيف,general_info,لوراتادين,Loratadine
مراتي حامل وعندها سكر الحمل، الطبيب قرر يبدأ معاها إنسولين، هل في احتياطات معينة,ما هي الاحتياطات الواجب اتباعها عند بدء علاج الإنسولين لسكر الحمل,contraindication,إنسولين,Insulin
أنا مريض كلى مزمن وبياخد جليمبرايد، عايز أعرف تأثير الجليمبرايد على الكلى,هل يمكن أن يؤثر دواء جليمبرايد سلبًا على وظائف الكلى,side_effects,جليمبرايد,Glimepiride
أنا مريض ضغط وبياخد كونكور، العالم حابة أعرف إذا كان يؤثر على القدرة الجنسية,هل يمكن أن يؤثر دواء كونكور سلبًا على القدرة الجنسية,side_effects,كونكور,Bisoprolol
أنا مريض قلق وباخد زاناكس، الدكتور حذرني من وقفه فجأة، لماذا,ما هي مخاطر التوقف المفاجئ عن تناول دواء زاناكس,contraindication,زاناكس,Alprazolam
والدي عنده ارتفاع في ضغط الدم وبياخد هايزار من سنوات، هل ممكن نوقف الدواء إذا استقر الضغط,هل يمكن إيقاف دواء هايزار بمجرد استقرار مستوى ضغط الدم,contraindication,هايزار,Losartan
أنا مريض روماتويد وباخد ميثوتريكسات، حصل حمل مفاجئ، هل أستمر على الدواء,هل دواء ميثوتريكسات آمن للاستمرار عليه أثناء الحمل,contraindication,ميثوتريكسات,Methotrexate
أنا باخد أتورفاستاتين وسمعت لو أكلت جريب فروت معاه بيزيد مفعوله ويضر,هل تناول الجريب فروت مع أتورفاستاتين يشكل خطرًا على الصحة,interaction,أتورفاستاتين,Atorvastatin
أنا عندي صداع نصفي مزمن، الدكتور صرف لي سوماتريبتان، هل هو آمن لمرضى القلب,هل دواء سوماتريبتان آمن للمرضى الذين يعانون من أمراض القلب,contraindication,سوماتريبتان,Sumatriptan
أنا شخص عصبي جدًا وبيجيله نوبات هلع، الدكتور كتب لي سيبرالكس. من فضلك شرح طريقة استخدامه,ما هي طريقة استخدام دواء سيبرالكس لعلاج نوبات الهلع والقلق,dosage,سيبرالكس,Escitalopram
أنا مريض سكر النوع الأول، والدكتور وصف لي إنسولين لانتوس. الفرق بينه وبين الإنسولين العادي,ما الفرق بين إنسولين لانتوس طويل المدى والإنسولين العادي سريع المفعول,general_info,لانتوس,Insulin glargine
أنا مريض ضغط عالي ودكاترة كتبتلي كوزار وجلوكوفاج مع بعض، بستغرب شوية,لماذا يصف الطبيب دواء كوزار مع جلوكوفاج لمرضى الضغط والسكري,general_info,كوزار,Losartan
أنا ست حامل في الشهر الأول وعندي نزلة برد شديدة، هل أستطيع تناول فيتامين دي 50000,هل تناول جرعة عالية من فيتامين دي آمن في الشهر الأول من الحمل,general_info,فيتامين دي 50000,Cholecalciferol
أنا والد عنده ربو حاد ودكتوره كتب له سريتيدي جهاز بس هو مش فاهم طريقة استخدامه الصح,ما هي الطريقة الصحيحة لاستخدام جهاز سريتيدي لعلاج الربو الحاد,administration,سريتيدي,Fluticasone-Salmeterol
أنا عندي ألم الأعصاب بسبب السكري، الدكتور وصف لي ليريكا لكن السعر غالي، هل في بديل أوفر,هل توجد بدائل أقل سعرًا لدواء ليريكا لعلاج ألم الأعصاب السكري,general_info,ليريكا,Pregabalin
أختى كانت بتستخدم ايميوم كبسولات لإسهال المسافرين، جالتها حرارة عالية وإسهال مختلط بالدم، أوقف الدواء,هل يجب إيقاف دواء ايميوم عند ظهور أعراض مثل الحرارة أو الدم في البراز,contraindication,ايميوم,Loperamide
أنا مريض فشل في القلب وباخذ كونكور وفوريكس، طلب تحليل بوتاسيوم، ليه,ما أهمية فحص البوتاسيوم لمرضى الفشل القلبي الذين يتناولون كونكور وفوريكس,general_info,كونكور,Bisoprolol
أنا مريض جيوب أنفية تحسسية مزمنة، الدكتور كتبلي أفامايس بخاخ، بس مش عارفة أستعمله,ما هي الطريقة الصحيحة لاستخدام بخاخ أفامايس لعلاج الجيوب الأنفية التحسسية,administration,أفامايس,Fluticasone
أنا مريض نفسي بقالي فترة بتعاطى زاناكس ومش عارف أسيب، هل في طريقة آمنة للإقلاع,ما هي أفضل الطرق الآمنة للتوقف عن تناول دواء زاناكس بعد الاستخدام المطول,contraindication,زاناكس,Alprazolam
أبي عنده حصوة في المرارة وصرف له الدكتور أورسوفالك، بس هو خايف من المغص,هل دواء أورسوفالك فعال في تفتيت حصوات المرارة وتخفيف المغص,general_info,أورسوفالك,Ursodeoxycholic acid
أنا مرضع وأرضع ابني طبيعي، عندي برد شديد مع كحة، ايه الدواء المناسب,ما هو الدواء الآمن لعلاج أعراض البرد والكحة للأم المرضع,general_info,لا يوجد,لا يوجد
أنا مريض كبد وباخد فلوكونازول لفطر في الفم، هل في خطورة على الكبد,هل دواء فلوكونازول آمن للمرضى الذين يعانون من أمراض الكبد,contraindication,فلوكونازول,Fluconazole
أنا مريض إيدز وباخد أدوية مضادة للفيروسات، هل تتعارض مع دواء السعال,هل تتعارض أدوية مضادت الفيروسات لمرضى الإيدز مع أدوية السعال الشائعة,interaction,لا يوجد,لا يوجد
انا باخد مميعات الدم وارفارين، وحصلت لي ضربة في الركبة وأورمت، ماذا أتناول للورم,ما هو المسكن الآمن لمرضى الوارفارين لعلاج أورام والتهابات المفاصل,interaction,وارفارين,Warfarin
أنا كنت باخد حبوب منع حمل ميكروجينون وفاتني شريط، وبعد حوالى شهر جاتلى الدورة متقطعة، سبب,ما هي أسباب عدم انتظام الدورة بعد التوقف عن تناول حبوب منع الحمل ميكروجينون,general_info,ميكروجينون,Levonorgestrel-Ethinylestradiol
أنا عندي تكيس مبايض، وبتعاني من زيادة الوزن والشعر، سمعت أن جلوكوفاج بينفع,هل دواء جلوكوفاج فعال في علاج أعراض تكيس المبايض,general_info,جلوكوفاج,Metformin
أنا مريض بفقر الدم وبياخد حديد، الدكتور صرف لي فيرومارات، هل يختلف عن فيروجلوبين,ما الفرق بين دواء فيرومارات وفيروجلوبين لعلاج فقر الدم,general_info,فيرومارات,Iron
أنا مريض ربو وأستخدم فنتولين بكثرة، الدكتور قال لي أخاف على قلبي، لماذا,كيف يؤثر الاستخدام المفرط لبخاخ فنتولين على صحة القلب,side_effects,فنتولين,Salbutamol
أنا مريض بروستاتا حميدة، بياخد هارنال من 6 شهور مع تحسن ملحوظ، هل أستمر,ما هي مدة علاج تضخم البروستاتا الحميد بدواء هارنال,dosage,هارنال,Tamsulosin
أنا مريض بارتجاع المرئ وحموضة شديدة، الدكتور وصف لي نيكسيوم وبانتوبرازول مع بعض، ما رأيك,هل من الآمن استخدام نيكسيوم وبانتوبرازول معًا لعلاج الارتجاع,interaction,نيكسيوم,Esomeprazole
الداي عندي ربو وبياخد سيريتيد وجهاز، ونفس الوقت بياخد سبيريفا. أليسا في تعارض,هل يوجد تعارض بين جهاز سيريتيد وجهاز سبيريفا في علاج الربو,interaction,سيريتيد,Fluticasone-Salmeterol
أنا باخد أدوية غدة درقية، هل تنفع مع أدوية السيولة,هل تتداخل أدوية الغدة الدرقية مثل ليفوثيروكسين مع أدوية السيولة مثل الوارفارين,interaction,ليفوثيروكسين,Levothyroxine
أنا ست حامل في الشهر السابع ودكاترتي قالت لي خلاص الراجل حصلي تسمم حمل، ونصحتني بأسبرين 81,لماذا يوصف الأسبرين منخفض الجرعة لعلاج تسمم الحمل,general_info,أسبرين,Aspirin
أنا رضيع عنده 4 شهور وعنده كحة شديدة، الدكتور وصف له أمبروكسول نقط، أمانة,هل نقط أمبروكسول آمنة للاستخدام لعلاج الكحة عند الرضع بعمر 4 شهور,contraindication,أمبروكسول,Ambroxol
أنا شخص بالغ بوابة داء السكري، الدكتور قال لي أبدا جلوكوفاج واعمل حمية، لماذا لا أبدأ بحمية فقط,هل دواء جلوكوفاج ضروري في المراحل الأولى لمقدمات السكري,general_info,جلوكوفاج,Metformin
أنا مريض بسرطان في الثدي وبيخضع العلاج الكيماوي، الدكتور عايز يضيف لي زوفران قبل الكيماوي,ما فائدة إعطاء دواء زوفران قبل جلسات العلاج الكيماوي,general_info,زوفران,Ondansetron
أنا مريض سكر نوع أول وأستخدم الإنسولين، والدكتورة قالت لي لا تأكل كثيرا من المانجو، ليه,لماذا يُنصح مريض السكري بتجنب الإفراط في تناول المانجو,general_info,إنسولين,Insulin
أنا مريض ألم عصب الوجه، الدكتور صرف لي تيجريتول، بس أنا خائف من التأثير على الكبد,هل دواء تيجريتول لعلاج ألم العصب الثلاثي التوائم يؤثر على الكبد,side_effects,تيجريتول,Carbamazepine
أنا باخد سيبرالكس، وعايز أعرف أعراض الانسحاب منه، لو حبيت أوقفه,ما هي أعراض الانسحاب المتوقعة عند التوقف عن تناول دواء سيبرالكس,side_effects,سيبرالكس,Escitalopram
أنا مريض روماتويد شديد، والدكتور كتب لي هيدروكسي كلوروكين من شهرين ومش حاسس بتحسن كبير,ما هي المدة التي يحتاجها دواء هيدروكسي كلوروكين لبدء التأثير في الروماتويد,general_info,هيدروكسي كلوروكين,Hydroxychloroquine
أنا مريض بالصرع وباخذ لاميكتال، والدكتور أحب أن يضيف لي كيبرا، ما سبب الجمع بين اثنين,ما فائدة الجمع بين دواءي لاميكتال وكيبرا لعلاج الصرع,general_info,لاميكتال,Lamotrigine
أنا مريض ضغط عالي ودكاترة كتبتلي كونكور وهايزار مع بعض. بس خايف من انخفاض الضغط,هل الجمع بين كونكور وهايزار يزيد من خطر هبوط الضغط,side_effects,كونكور,Bisoprolol
أنا مريض قلب ومركب دعامة، وبياخد بلافيكس مع أسبرين. هل في خطورة,هل العلاج المزدوج ببلافيكس وأسبرين بعد الدعامة القلبية آمن,contraindication,بلافيكس,Clopidogrel
أنا شربت أدوية برد من الصيدلية وفيها مضاد هستامين، جالى خمول وتشويش ونعاس شديد,ما هي أسباب الخمول والتشويش الشديد بعد تناول أدوية البرد المحتوية على مضادات الهيستامين,side_effects,لا يوجد,لا يوجد
أنا مريض سكر نوع تاني مكتشف جديد، بياخد جلوكوفاج 500، والدكتور قال لي زودها لـ 1000,هل زيادة جرعة جلوكوفاج من 500 إلى 1000 مجم آمنة,contraindication,جلوكوفاج,Metformin
أنا مريض ضغط عالي مكتشف جديد، الدكتور وصف لي كوزار 50، وهو قالي لازم أعمله تحليل صورة دم كاملة ليه قبل الدواء,ما أهمية إجراء تحليل صورة دم كاملة قبل بدء علاج ضغط الدم بدواء كوزار,general_info,كوزار,Losartan
أنا مريض ربو خفيف ومستمر، هل من الأفضل استخدام فنتولين عند الحاجة فقط,ما هو الأفضل لعلاج الربو الخفيف: فنتولين عند الحاجة أم استخدام منتظم لسريتيدي,general_info,فنتولين,Salbutamol
أنا مدخن شراهة وعندي السكر، الدكتور نصحني أتوقف عن التدخين وإلا الجلوكوفاج مش هينفع معايا,لماذا يؤثر التدخين على فعالية دواء جلوكوفاج لمرضى السكري,general_info,جلوكوفاج,Metformin
أنا شاب وأذهب إلى النادي، الدكتور كتب لي جلوكوزامين لتقوية الغضاريف، بس مش عارف أتناوله قبل التمرين ولا بعده,ما هو أفضل وقت لتناول مكملات الجلوكوزامين الغذائية,administration,جلوكوزامين,Glucosamine
أنا أستعمل كريم فيوسيدين من سنين لحب الشباب، بقالي فترة مش بيجيب نتيجة,لماذا قد يفقد كريم فيوسيدين فعاليته مع الاستخدام الطويل لعلاج حب الشباب,general_info,فيوسيدين,Fusidic acid
أنا باخد فيتامين سي 1000 مجم في اليوم، وجالي إسهال شديد، هل له علاقة بالدواء,هل الإسهال الشديد من الآثار الجانبية المحتملة لجرعات فيتامين سي العالية,side_effects,فيتامين سي,Vitamin C
أنا مريض سكر وبياخد جلوكوفاج، وعايز أستخدم أعشاب لتقوية المناعة، هل في ضرر,هل توجد أعشاب تتفاعل سلبًا مع دواء جلوكوفاج,interaction,جلوكوفاج,Metformin
أنا أم مرضعة، وابني عنده مغص، أخذت بوسكوبان من الصيدلية، هل هيأثر على لبنى,هل يتسرب دواء بوسكوبان إلى لبن الأم المرضع ويؤثر على الرضيع,contraindication,بوسكوبان,Hyoscine butylbromide
أنا مريض سرطان وبياخد علاج كيماوي، والدكتور كتب لي زوفران 4 مجم، الأعراض الجانبية,ما هي الأعراض الجانبية الشائعة لدواء زوفران لمرضى العلاج الكيماوي,side_effects,زوفران,Ondansetron
أنا شخص كبير في السن عندي 72 سنة وبعاني من ألم مفاصل الركبة، استخدمت فاستوم جل مع مسكنات فموية,هل يمكن استخدام فاستوم جل موضعي مع مسكنات فموية لآلام المفاصل,interaction,فاستوم جل,Ketoprofen
أنا مريض بألم في الأسنان، والدكتور كتب لي مضاد حيوي أموكسيسيلين ومسكن باراسيتامول,هل من الآمن تناول أموكسيسيلين مع باراسيتامول معًا,interaction,أموكسيسيلين,Amoxicillin
أنا مريض ضغط، وعملت عملية خلع ضرس العقل، الدكتور كتب لي مسكن بروفين، بس أنا خايف من النزيف,هل يزيد دواء بروفين من خطر النزيف بعد خلع الأسنان لمرضى الضغط,contraindication,بروفين,Ibuprofen
أنا باخد سيمفاستاتين لتخفيض الكوليسترول، وأيضًا آخذ مكملات غذائية تحتوي على الردة، هل يؤثر,هل تتعارض مكملات الردة الغذائية مع امتصاص دواء سيمفاستاتين,interaction,سيمفاستاتين,Simvastatin
أنا باخد جلوكوفاج، وجالي إسهال شديد وألم في البطن، هل أوقف الدواء لوحدي,ما هي الحالات التي تستدعي التوقف الفوري لدواء جلوكوفاج,contraindication,جلوكوفاج,Metformin
أنا تعبت من الصداع النصفي، سمعت أن سوماتريبتان هو الحل الأسرع، هل ينفع آخده من الصيدلية بدون روشتة,هل يمكن صرف دواء سوماتريبتان بدون وصفة طبية لعلاج الصداع النصفي,contraindication,سوماتريبتان,Sumatriptan
أنا حامل في الشهر الرابع وعندي حساسية جلدية شديدة، الدكتور كتب لي تيكسيل مرهم، هل هو آمن,هل مرهم تيكسيل آمن للاستخدام لعلاج الحساسية الجلدية أثناء الحمل,contraindication,تيكسيل,Tacrolimus
أبي عنده ديسك في الظهر، وانتفخت عينه اليمين وهو بيستخدم لصقة ديكلوفيناك,هل يمكن أن يسبب دواء ديكلوفيناك الموضعي تورم في العين كأثر جانبي,side_effects,ديكلوفيناك,Diclofenac
أنا بستعمل كريم بيتنوفيت لإكزيما في إيدى، لاحظت إن الجلد بيبقى أرفع لما بأستعمله كتير,هل استخدام كريم بيتنوفيت لفترة طويلة يؤدي إلى ترقق الجلد,side_effects,بيتنوفيت,Betamethasone
أنا عندي نقص في فيتامين د، الدكتور كتب لي فيتامين د 50000 وحدة أسبوعيًا، أول جرعة حسيت بدوخة,هل الدوخة من الأعراض الجانبية المحتملة لجرعة عالية من فيتامين د,side_effects,فيتامين د,Cholecalciferol
أنا مريض صدفية وبياخد ميثوتريكسات، دكتوري قال لي أعمل تحليل وظائف كبد، ليه,ما أهمية تحليل وظائف الكبد للمرضى الذين يتناولون دواء ميثوتريكسات لعلاج الصدفية,contraindication,ميثوتريكسات,Methotrexate
أنا سيدة في فترة انقطاع الطمث، والدكتور وصف لي فوساماكس لهشاشة العظام، كيف يتم تناوله,ما هي الطريقة الصحيحة لتناول أقراص فوساماكس لعلاج هشاشة العظام,administration,فوساماكس,Alendronate
أنا شاب وظهرت عندي حبوب في الوجه، استخدمت بنزويل بيروكسيد مع ريتينويد، ودلوقتي وشي أحمر ومشحوق,لماذا تتسبب خلط بنزويل بيروكسيد مع الريتينويد في تهيج الجلد واحمراره,interaction,بنزويل بيروكسيد,Benzoyl peroxide
أنا شخص أتعب من نزلة البرد، وأعراضي بدأت تتحسن، ثم رجعت تاني بقوة مع سخونة، ايه السبب,هل يمكن أن تتحسن أعراض البرد ثم تعود بقوة بسبب العدوى البكتيرية,general_info,لا يوجد,لا يوجد
أنا شخص عولج من جرثومة المعدة، بياخد كلاريثروميسين وأوميبرازول وأموكسيسيلين، هل آمن,هل نظام العلاج الثلاثي لجرثومة المعدة آمن للجميع,contraindication,أموكسيسيلين,Amoxicillin
أنا مريض فشل كلوي، والدكتور حذرني من استخدام مضادات الالتهاب مثل بروفين، لماذا,لماذا يُمنع استخدام مضادات الالتهاب غير الستيرويدية مثل بروفين لمرضى الفشل الكلوي,contraindication,بروفين,Ibuprofen
أنا باخد علاج لأمراض الروماتويد، ميثوتريكسات، حصل حمل، هل أستمر فيه,هل دواء ميثوتريكسات آمن للاستمرار عليه أثناء الحمل,contraindication,ميثوتريكسات,Methotrexate
أنا مريض صرع، وبياخد تيجريتول، وفاتني يومين من العلاج، حصلت لي نوبة صرعية,ما هي مضاعفات نسيان جرعات دواء الصرع تيجريتول,side_effects,تيجريتول,Carbamazepine
أنا مريض نفسي وبياخد أولانزابين من فترة طويلة، عايز أعرف تأثيراته الجانبية على المدى البعيد,ما هي الأعراض الجانبية طويلة المدى لدواء أولانزابين,side_effects,أولانزابين,Olanzapine
أنا مريض القلب وبياخد كونكور، من فترة جالي ارتجاع في المريء، الدكتور كتبلي نيكسيوم,هل يتعارض دواء نيكسيوم مع دواء كونكور,interaction,كونكور,Bisoprolol
أنا بستخدم جهاز سبيريفا للانسداد الرئوي، والدكتور قال لي لا تنسى تشطف فمك بعد كل جرعة، ليه,لماذا يجب شطف الفم بعد استخدام جهاز سبيريفا للانسداد الرئوي,administration,سبيريفا,Tiotropium
أنا مرضعة، وعندي فطريات في الحلمة، هل يمكن استخدام كانستن كريم,هل كريم كانستن لعلاج فطريات الحلمة آمن للأم المرضع,contraindication,كانستن,Clotrimazole
أنا مريض سكر نوع أول وباخد إنسولين، دورت وجعتني ضرسي، هل ممكن أستخدم عسل نحل كمسكن,هل عسل النحل آمن وفعال كمسكن لآلام الأسنان بديل عن الأدوية لمرضى السكري,general_info,إنسولين,Insulin
أنا مريض سكر وياخذ جلوكوفاج، وأشعر بتنميل في الأطراف، هل من الممكن أن يكون من السكر أو من الدواء,هل يمكن أن يتسبب دواء جلوكوفاج في تنميل الأطراف,side_effects,جلوكوفاج,Metformin
أنا شخص كبير في السن أعاني من احتباس البول، والدكتور صرف لي هارنال، سؤالي هو كم مره باليوم,كم مرة في اليوم يجب تناول دواء هارنال لعلاج احتباس البول,dosage,هارنال,Tamsulosin
أنا تعبان من ضربات قلبي السريعة ودكتور الباطنة كتبلي كونكور، فجأة جالي ضغط منخفض جدًا,هل يمكن أن يسبب دواء كونكور هبوطًا حادًا في ضغط الدم,side_effects,كونكور,Bisoprolol
أنا أعاني من القولون العصبي، وأصاب بالإمساك، والدكتور وصف لي لاكتولوز، هل هذا الدواء طبيعي,هل دواء لاكتولوز طبيعي وآمن لعلاج الإمساك المرتبط بالقولون العصبي,general_info,لاكتولوز,Lactulose
أنا عندي التهابات في المهبل، ودكتور النساء وصف لي ديفلوكان 150 مجم، هل جرعة واحدة تكفي,هل جرعة واحدة من ديفلوكان 150 مجم كافية لعلاج التهابات المهبل الفطرية,dosage,ديفلوكان,Fluconazole
أنا مريض تليف كبدي، والآلام أسفل الظهر، هل أستعمل كتافاست جل,هل استخدام كتافاست جل موضعي آمن لمرضى تليف الكبد,contraindication,كتافاست,Ketoprofen
أنا مريض ورم سرطاني في المخ، وأخذ دواء كيبرا مضاد للصرع، هل هذا آمن خلال الحمل,هل دواء كيبرا آمن لمرضى الصرع خلال فترة الحمل,contraindication,كيبرا,Levetiracetam
أنا سيدة حامل وتعبت من القيء الشديد، هل من أمان لمضاد القيء موتيليوم,هل دواء موتيليوم آمن لعلاج القيء الشديد أثناء الحمل,contraindication,موتيليوم,Domperidone
أنا مريض ربو حاد وبستخدم فنتولين كل 4 ساعات، بس بشعر بزيادة في ضربات قلبي مؤخرًا,هل زيادة ضربات القلب من الأعراض الجانبية الشائعة لبخاخ فنتولين,side_effects,فنتولين,Salbutamol
أنا مريض سكر النوع الثاني وجلوكوفاج مش كفاية، الدكتور نصحني أضيف إمباجليفلوزين، ما هي فوائده,ما الفائدة من إضافة دواء إمباجليفلوزين إلى جلوكوفاج لمرضى السكر,general_info,إمباجليفلوزين,Empagliflozin
أنا عندي حساسية شديدة من عث الغبار، وأستخدم زيرتيك كل يوم، هل يقاوم الاستخدام اليومي,هل يمكن أن يفقد دواء زيرتيك فعاليته مع الاستخدام اليومي المستمر,general_info,زيرتيك,Cetirizine
أنا مريض بقرحة في المعدة، وصف لي الدكتور أوميبرازول، ما هي المدة المناسبة للعلاج,ما هي مدة العلاج المناسبة لأقراص أوميبرازول لقرحة المعدة,dosage,أوميبرازول,Omeprazole
أنا مريض كلى مزمن، هل يمكنني تناول دواء أتورفاستاتين لتخفيض الكوليسترول,هل دواء أتورفاستاتين آمن لمرضى الكلى المزمنة,contraindication,أتورفاستاتين,Atorvastatin
أختي عندها الصدفية وتستخدم كريم بيتنوفيت، وبقت تلاحظ ظهور حبوب في الوش,ما سبب ظهور حبوب في الوجه بعد استخدام كريم بيتنوفيت لعلاج الصدفية,side_effects,بيتنوفيت,Betamethasone
أنا حامل في الشهر الثامن وأعاني من ربو حاد، وصرف لي الطبيب سيريتيد، هل آمن,هل استخدام بخاخ سيريتيد آمن لعلاج الربو الحاد في الشهر الثامن من الحمل,contraindication,سيريتيد,Fluticasone-Salmeterol
أنا عندي فقر دم، والدكتور قال لي أكل حبوب فيروجلوبين، بس أنا مش حاسة بتحسن، ليه,ما هي الأسباب التي قد تؤدي إلى عدم تحسن فقر الدم بالرغم من تناول فيروجلوبين,general_info,فيروجلوبين,Iron-Vitamin B complex
أنا أعاني من دوالي المريء، والدكتور قال لي ممنوع عليا كتافاست نهائيًا، ليه,لماذا يُمنع استخدام دواء كتافاست على مرضى دوالي المريء,contraindication,كتافاست,Ketoprofen
أنا مريض كبد مزمن ودكاترة قالي لا تستخدم تيربينافين لفطريات الأظافر تحت أي ظرف,لماذا يُمنع دواء تيربينافين على مرضى الكبد المزمن,contraindication,تيربينافين,Terbinafine
أنا مريض انسداد رئوي مزمن، وبستخدم سبيريفا، فجأة حسيت بصعوبة في التبول، ما السبب,هل يمكن أن يسبب جهاز سبيريفا صعوبة في التبول,side_effects,سبيريفا,Tiotropium
أنا قريبتي كانت بتستخدم ايميوم كتير لعلاج الإسهال، جالها انتفاخ في البطن وصعوبة في التنفس، ليه,ما هي مضاعفات الاستخدام المفرط لدواء ايميوم,side_effects,ايميوم,Loperamide
أنا طفلت عندي نزلة برد، والدتي حطتلي نقط أنف فينيليفرين، من بعديها جالي ارتفاع في ضغط الدم,هل يمكن أن تسبب نقط الأنف المحتوية على فينيليفرين ارتفاعًا في ضغط الدم عند الأطفال,side_effects,فينيكل,Phenylephrine